model,params,accuracy,train_time
RF,"T:10, D:3",0.6690147130753934,23.50640606880188
RF,"T:10, D:6",0.6910385077230853,19.622313261032104
RF,"T:50, D:3",0.6755471138546639,22.08892321586609
RF,"T:50, D:6",0.6940946573316054,36.164703130722046
GBT,"D:3, I:10",0.6847738770613836,40.33326292037964
GBT,"D:3, I:25",0.6906195962502663,86.88584208488464
GBT,"D:6, I:10",0.7118269895617257,44.56708598136902
GBT,"D:6, I:25",0.724507392240379,106.8610725402832
